#,الاسم / جهة الحساب,نوع الحساب / الدور,البريد الإلكتروني,كلمة السر المعتمدة,حالة الحساب
1,الإعلامي (سوبر أدمن - الإدارة العليا),Super Admin (مشرف عام),spp.media.ksu@gmail.com,Aa112233@112233@,نشط (Active)
2,ممثل مبادرة طويق,مبادرة (Tuwaiq Initiative),tuwaiq.initiative@gmail.com,Aa112233@112233@,نشط (Active)
3,ممثل مبادرة تقانة,مبادرة (Taqana Initiative),taqana.initiative@gmail.com,Aa112233@112233@,نشط (Active)
4,ممثل مبادرة وفود,مبادرة (Wofood Initiative),wofood.initiative@gmail.com,Aa112233@112233@,نشط (Active)
5,ممثل مبادرة متنفس,مبادرة (Mutanafs Initiative),mutanafs.initiative@gmail.com,Aa112233@112233@,نشط (Active)
6,ممثل مبادرة بريق النور,مبادرة (Bariq Initiative),bariq.initiative@gmail.com,Aa112233@112233@,نشط (Active)
7,ممثل مبادرة ديوان,مبادرة (Diwan Initiative),diwan.initiative@gmail.com,Aa112233@112233@,نشط (Active)
8,ممثل مبادرة كفة,مبادرة (Kaffah Initiative),kaffah.initiative@gmail.com,Aa112233@112233@,نشط (Active)
9,ممثل مبادرة إثمار,مبادرة (Eithmar Initiative),eithmar.initiative@gmail.com,Aa112233@112233@,نشط (Active)
